<?xml version="1.0" encoding="UTF-8"?>
<project-private xmlns="http://www.netbeans.org/ns/project-private/1">
    <editor-bookmarks xmlns="http://www.netbeans.org/ns/editor-bookmarks/2" lastBookmarkId="0"/>
    <open-files xmlns="http://www.netbeans.org/ns/projectui-open-files/2">
        <group>
            <file>file:/C:/Users/sebastian_cano/Desktop/Sasemem_2-main/web/deleteTipoTask.jsp</file>
            <file>file:/C:/Users/sebastian_cano/Desktop/Sasemem_2-main/web/tabelaTipoTask.jsp</file>
            <file>file:/C:/Users/sebastian_cano/Desktop/Sasemem_2-main/web/updateTipoTask.jsp</file>
            <file>file:/C:/Users/sebastian_cano/Desktop/Sasemem_2-main/web/finalizarTipoTask.jsp</file>
            <file>file:/C:/Users/sebastian_cano/Desktop/Sasemem_2-main/web/consultaTipoTask.jsp</file>
            <file>file:/C:/Users/sebastian_cano/Desktop/Sasemem_2-main/web/TelaTipoTarefa.html</file>
        </group>
    </open-files>
</project-private>
