<?xml version="1.0" encoding="UTF-8"?>
<project-private xmlns="http://www.netbeans.org/ns/project-private/1">
    <editor-bookmarks xmlns="http://www.netbeans.org/ns/editor-bookmarks/2" lastBookmarkId="0"/>
    <open-files xmlns="http://www.netbeans.org/ns/projectui-open-files/2">
        <group>
            <file>file:/C:/Users/fillipe_t_oliveira/Desktop/Sasemem_2-main/web/supply360-produto.html</file>
            <file>file:/C:/Users/fillipe_t_oliveira/Desktop/Sasemem_2-main/web/tabelaCliente.jsp</file>
            <file>file:/C:/Users/fillipe_t_oliveira/Desktop/Sasemem_2-main/web/consultaDev.jsp</file>
            <file>file:/C:/Users/fillipe_t_oliveira/Desktop/Sasemem_2-main/web/finalizarprod.jsp</file>
            <file>file:/C:/Users/fillipe_t_oliveira/Desktop/Sasemem_2-main/web/adcCli.jsp</file>
            <file>file:/C:/Users/fillipe_t_oliveira/Desktop/Sasemem_2-main/web/supply360-cliente.html</file>
            <file>file:/C:/Users/fillipe_t_oliveira/Desktop/Sasemem_2-main/web/finalizarped.jsp</file>
            <file>file:/C:/Users/fillipe_t_oliveira/Desktop/Sasemem_2-main/web/criaUsu.jsp</file>
            <file>file:/C:/Users/fillipe_t_oliveira/Desktop/Sasemem_2-main/nbproject/build-impl.xml</file>
        </group>
    </open-files>
</project-private>
