<?xml version="1.0" encoding="UTF-8"?>
<project-private xmlns="http://www.netbeans.org/ns/project-private/1">
    <editor-bookmarks xmlns="http://www.netbeans.org/ns/editor-bookmarks/2" lastBookmarkId="0"/>
    <open-files xmlns="http://www.netbeans.org/ns/projectui-open-files/2">
        <group>
            <file>file:/C:/Users/fillipe_t_oliveira/Desktop/Sasemem_2-main/web/tabelaCliente.jsp</file>
            <file>file:/C:/Users/fillipe_t_oliveira/Desktop/Sasemem_2-main/web/consultaDev.jsp</file>
            <file>file:/C:/Users/fillipe_t_oliveira/Desktop/Sasemem_2-main/web/finalizarUsu.jsp</file>
            <file>file:/C:/Users/fillipe_t_oliveira/Desktop/Sasemem_2-main/web/TelaUsuario.html</file>
            <file>file:/C:/Users/fillipe_t_oliveira/Desktop/Sasemem_2-main/web/finalizarped.jsp</file>
            <file>file:/C:/Users/fillipe_t_oliveira/Desktop/Sasemem_2-main/web/updateTask.jsp</file>
            <file>file:/C:/Users/fillipe_t_oliveira/Desktop/Sasemem_2-main/web/updateDeveloper.jsp</file>
            <file>file:/C:/Users/fillipe_t_oliveira/Desktop/Sasemem_2-main/web/TelaDev.html</file>
            <file>file:/C:/Users/fillipe_t_oliveira/Desktop/Sasemem_2-main/web/consultaTask.jsp</file>
            <file>file:/C:/Users/fillipe_t_oliveira/Desktop/Sasemem_2-main/web/deleteTask.jsp</file>
            <file>file:/C:/Users/fillipe_t_oliveira/Desktop/Sasemem_2-main/web/TelaTarefas.html</file>
            <file>file:/C:/Users/fillipe_t_oliveira/Desktop/Sasemem_2-main/web/tabelaTask.jsp</file>
        </group>
    </open-files>
</project-private>
